Amino Acid Pair,Count of Hydrogen Bonds
"('LEU', 'SER')",54462
"('ASN', 'ASN')",11808
"('MET', 'THR')",8146
"('MET', 'TYR')",6980
"('ASP', 'TYR')",10336
"('ARG', 'ASP')",20688
"('ASN', 'GLU')",27228
"('ASN', 'MET')",6880
"('PHE', 'TYR')",17226
"('ARG', 'ILE')",22768
"('GLU', 'LEU')",41510
"('ASN', 'ILE')",24354
"('PHE', 'SER')",24704
"('ILE', 'LYS')",33252
"('ASP', 'LEU')",30694
"('ILE', 'LEU')",87936
"('GLU', 'SER')",33362
"('LYS', 'LYS')",20788
"('LEU', 'LEU')",64480
"('GLU', 'GLU')",16810
"('ASN', 'LYS')",28456
"('ASN', 'LEU')",35898
"('GLU', 'VAL')",19896
"('LEU', 'TYR')",38890
"('ASN', 'TYR')",12364
"('ASN', 'GLN')",17492
"('ASN', 'VAL')",17716
"('ILE', 'ILE')",30780
"('ILE', 'TYR')",25536
"('GLY', 'TYR')",11564
"('TYR', 'TYR')",6046
"('GLN', 'GLY')",9150
"('ILE', 'SER')",35930
"('THR', 'THR')",10158
"('GLU', 'LYS')",53068
"('GLU', 'ILE')",26072
"('ILE', 'THR')",30258
"('GLU', 'PHE')",14792
"('LYS', 'THR')",24368
"('ASN', 'THR')",20578
"('SER', 'THR')",27266
"('LYS', 'SER')",36212
"('ILE', 'PHE')",35884
"('GLN', 'GLN')",10052
"('ALA', 'PHE')",21272
"('ASP', 'PHE')",13038
"('ASP', 'GLU')",22692
"('GLN', 'GLU')",22812
"('ALA', 'LEU')",50198
"('ASP', 'LYS')",36448
"('ARG', 'GLU')",30146
"('ALA', 'LYS')",26542
"('GLY', 'SER')",22240
"('ALA', 'GLY')",21508
"('ALA', 'ILE')",32538
"('ASP', 'GLY')",14658
"('ASN', 'ASP')",22296
"('ARG', 'ASN')",16668
"('GLY', 'ILE')",22300
"('ALA', 'TYR')",15880
"('ARG', 'LEU')",35220
"('SER', 'VAL')",27498
"('SER', 'SER')",21286
"('LEU', 'LYS')",51146
"('ALA', 'SER')",31802
"('ALA', 'THR')",20032
"('ALA', 'ALA')",18526
"('ALA', 'VAL')",27358
"('GLY', 'LYS')",15924
"('PHE', 'VAL')",27918
"('LEU', 'PHE')",54038
"('ASP', 'PRO')",3160
"('ARG', 'TYR')",11754
"('ARG', 'LYS')",22062
"('ASP', 'SER')",28260
"('HIS', 'ILE')",10810
"('LEU', 'THR')",42716
"('GLN', 'LYS')",24052
"('HIS', 'SER')",9996
"('LEU', 'VAL')",62186
"('ILE', 'VAL')",45386
"('ASP', 'THR')",20224
"('ASP', 'ILE')",19462
"('ALA', 'ASN')",19618
"('ALA', 'GLU')",24330
"('GLU', 'THR')",23072
"('THR', 'TYR')",14214
"('ALA', 'GLN')",15342
"('GLN', 'TYR')",10480
"('GLY', 'GLY')",10120
"('ILE', 'MET')",14504
"('ASN', 'PHE')",16044
"('ASN', 'SER')",27330
"('GLU', 'HIS')",9356
"('MET', 'SER')",10948
"('HIS', 'VAL')",8350
"('TYR', 'VAL')",19244
"('ARG', 'SER')",22518
"('ARG', 'VAL')",17372
"('LYS', 'VAL')",24478
"('CYS', 'ILE')",10802
"('GLN', 'SER')",21036
"('CYS', 'GLY')",6270
"('CYS', 'THR')",5158
"('GLU', 'GLY')",13752
"('GLN', 'LEU')",30262
"('PRO', 'THR')",4320
"('GLY', 'PHE')",15850
"('ASP', 'ASP')",9222
"('ARG', 'GLN')",14932
"('PHE', 'PRO')",5946
"('ASP', 'MET')",6366
"('HIS', 'LEU')",16832
"('ALA', 'HIS')",7902
"('ALA', 'ARG')",18726
"('LYS', 'MET')",9724
"('CYS', 'LEU')",15602
"('GLN', 'MET')",6000
"('CYS', 'TRP')",1838
"('GLN', 'THR')",14672
"('ILE', 'TRP')",8516
"('SER', 'TYR')",18418
"('GLY', 'THR')",15640
"('ALA', 'MET')",9820
"('ARG', 'MET')",6872
"('LEU', 'MET')",22354
"('SER', 'TRP')",6172
"('GLN', 'TRP')",3194
"('TRP', 'TYR')",4312
"('ARG', 'PHE')",13508
"('PHE', 'PHE')",14222
"('LYS', 'TYR')",17518
"('LEU', 'PRO')",12504
"('GLN', 'PHE')",11626
"('ARG', 'THR')",15358
"('ARG', 'ARG')",8478
"('ARG', 'HIS')",6484
"('ASN', 'PRO')",3908
"('LYS', 'PHE')",18492
"('GLU', 'PRO')",5238
"('ALA', 'PRO')",6948
"('GLN', 'ILE')",18858
"('ASP', 'GLN')",17274
"('CYS', 'TYR')",5058
"('CYS', 'VAL')",8132
"('PRO', 'SER')",6098
"('ASP', 'TRP')",3270
"('THR', 'VAL')",22162
"('CYS', 'MET')",3032
"('GLY', 'LEU')",31776
"('LEU', 'TRP')",11944
"('ARG', 'GLY')",12104
"('PHE', 'THR')",18744
"('GLN', 'VAL')",13702
"('ILE', 'PRO')",7952
"('ALA', 'ASP')",18316
"('CYS', 'GLU')",3844
"('CYS', 'HIS')",2402
"('CYS', 'PHE')",7990
"('GLN', 'PRO')",4190
"('ASN', 'GLY')",13882
"('HIS', 'TRP')",1800
"('HIS', 'PHE')",7204
"('ASP', 'VAL')",15884
"('TRP', 'VAL')",6782
"('PRO', 'TYR')",4094
"('GLU', 'TYR')",12394
"('VAL', 'VAL')",18272
"('LYS', 'TRP')",4950
"('ALA', 'CYS')",6594
"('PHE', 'TRP')",6178
"('THR', 'TRP')",4550
"('ASP', 'CYS')",3766
"('CYS', 'GLN')",3018
"('ARG', 'PRO')",4936
"('LYS', 'PRO')",7268
"('GLY', 'HIS')",5504
"('HIS', 'HIS')",2006
"('CYS', 'SER')",6874
"('HIS', 'LYS')",9590
"('GLY', 'TRP')",4176
"('GLU', 'TRP')",3986
"('ASN', 'HIS')",7392
"('ARG', 'TRP')",3994
"('GLU', 'MET')",7990
"('MET', 'PHE')",9918
"('MET', 'PRO')",2356
"('PRO', 'VAL')",6738
"('GLY', 'VAL')",20532
"('ALA', 'TRP')",5148
"('ASN', 'TRP')",4162
"('MET', 'TRP')",2314
"('MET', 'VAL')",11118
"('CYS', 'PRO')",1214
"('PRO', 'TRP')",1484
"('ARG', 'CYS')",3962
"('HIS', 'THR')",7752
"('ASP', 'HIS')",7190
"('ASN', 'CYS')",4588
"('HIS', 'PRO')",1706
"('GLY', 'MET')",6536
"('GLN', 'HIS')",5938
"('HIS', 'MET')",3206
"('CYS', 'LYS')",5068
"('MET', 'MET')",2472
"('CYS', 'CYS')",2162
"('HIS', 'TYR')",5996
"('GLY', 'PRO')",3598
"('TRP', 'TRP')",786
