,0
QQ,292
WC,282
EE,231
SS,228
DD,218
CC,203
HH,189
CH,188
CG,181
HC,180
HW,180
RR,180
YC,178
WV,169
HP,168
WY,167
GC,160
WD,157
NN,156
KK,155
PW,155
WQ,154
MA,153
WK,152
HY,152
QW,151
GW,149
DE,148
YH,146
RW,144
WR,144
AA,143
WH,143
FQ,142
AC,142
QC,141
CP,141
CY,140
CW,140
YW,139
PP,138
RC,137
IW,137
FW,137
WF,135
MW,133
WN,133
MS,132
TP,132
CI,132
CV,130
FH,129
CM,129
MC,129
CQ,127
CF,127
TT,125
GG,125
MH,124
MG,124
NW,123
YF,122
IC,121
WW,120
KW,120
TW,119
RH,119
VW,118
DW,118
HF,118
YY,118
KR,116
WT,116
WM,116
EW,114
HM,113
DC,113
QR,112
GH,111
CR,111
MM,109
HR,109
VC,109
MN,108
MQ,108
DI,108
VP,105
WS,105
MT,105
HG,105
LC,104
WA,103
FY,103
KC,102
MR,101
MD,101
TH,101
ED,100
YQ,100
RY,100
CN,99
PH,99
MV,98
FC,98
YM,97
IP,97
WE,97
QH,96
PQ,96
CD,96
WG,96
AT,95
NC,94
ND,94
QY,93
FG,93
DF,93
CA,93
NG,92
GY,92
HQ,90
GM,90
EH,90
CL,89
PE,89
HD,89
AH,88
MP,87
RQ,87
SW,86
HN,86
CT,85
MY,85
YP,85
GF,84
KY,84
QP,83
CS,83
PV,83
MK,83
PF,83
AM,83
FF,82
SH,82
FN,82
RK,82
HE,82
GV,82
YG,81
FL,81
NP,81
HV,81
DY,81
EK,80
HS,80
SC,80
MI,80
RG,79
TC,79
WI,79
QF,78
WL,78
WP,78
YD,78
LQ,78
YN,77
MF,77
NY,77
EN,77
ME,76
QM,76
KH,76
GI,76
AW,74
YI,74
RN,74
YR,74
LP,74
PY,74
VH,73
PC,73
VV,73
PT,73
FE,73
DH,72
EC,72
QE,72
ST,72
FM,72
FD,72
NH,71
TN,71
TG,71
RF,71
ER,71
KE,71
FP,71
HA,70
CE,69
YT,69
DP,69
FA,69
GQ,68
HI,68
EY,68
IH,68
AP,68
KN,68
DG,67
GS,67
LH,67
HT,67
RI,67
PI,67
AY,66
PM,66
FV,66
KQ,66
PR,66
HL,65
FT,65
RM,64
GR,64
VG,64
FI,64
YA,63
CK,63
EM,63
AR,63
NI,62
VD,62
NQ,61
VF,60
VY,60
IF,60
PA,60
RP,60
IY,60
QT,60
GT,60
EQ,59
TY,59
SP,59
NF,59
EF,59
ID,59
NE,59
AQ,59
RD,59
QV,59
EI,58
QG,58
QD,58
VA,58
TA,58
QA,57
QL,57
KD,57
DA,57
YV,57
TV,57
KF,57
GN,57
SQ,57
NT,57
YE,56
IR,56
GA,56
QN,56
ET,56
GD,55
YK,54
PD,54
KP,54
PN,54
LW,53
GK,53
IN,53
DV,53
VI,53
VQ,53
PS,53
LD,53
QI,53
SD,52
AS,52
TF,52
TQ,52
TR,52
LL,51
DN,51
PG,51
DL,51
TI,51
IV,50
IT,50
AG,50
AK,50
NA,50
AF,50
VR,50
LY,50
LF,49
LK,49
SG,49
SR,49
LR,48
PL,48
TS,48
IM,48
EL,48
IG,48
YL,48
NM,48
NV,48
EA,48
NK,47
IA,47
KL,46
AI,46
QK,46
VM,46
SF,46
RT,46
HK,46
PK,46
LA,46
GE,45
SM,45
TM,45
KI,45
SN,45
DS,44
FR,44
AV,44
DR,44
FK,43
VT,43
II,43
RL,43
VS,42
IE,42
VN,42
NR,41
FS,41
RS,41
RV,40
IS,40
DM,40
AE,40
RE,40
IQ,40
RA,40
AN,38
TL,38
SY,38
TD,37
TK,37
ML,37
LN,37
VE,37
SK,36
NS,36
VL,36
LE,35
KV,35
IK,34
KG,34
AD,34
EP,34
KM,34
SI,34
DQ,34
TE,34
SL,34
GP,33
YS,33
DT,33
EV,32
SA,32
GL,31
KA,31
KT,31
VK,31
LI,30
LT,29
ES,29
DK,29
AL,29
LV,28
LG,28
SV,27
QS,26
IL,26
SE,25
KS,25
NL,25
EG,24
LM,23
LS,21
*W,2
*Y,1
W*,1
*Q,1
C*,1
E*,1
*M,1
I*,1
F*,1
*G,1
